{"accuracy": [0.436088889837265, 0.5686444640159607, 0.6182000041007996, 0.6511555314064026, 0.6729333400726318, 0.6889333128929138, 0.7047555446624756, 0.7211777567863464], "loss": [1.566351056098938, 1.2252968549728394, 1.092395544052124, 1.006473183631897, 0.9472665190696716, 0.8937399983406067, 0.8501225709915161, 0.8071848750114441], "val_accuracy": [0.526199996471405, 0.6029999852180481, 0.6435999870300293, 0.6503999829292297, 0.6758000254631042, 0.6728000044822693, 0.6718000173568726, 0.6890000104904175], "val_loss": [1.3490911722183228, 1.1486622095108032, 1.0523169040679932, 0.9989316463470459, 0.947201669216156, 0.9425814747810364, 0.9653182625770569, 0.9056187272071838]}